Date,real Temperature,empty column,Feel Temperature,Humidity,Wind Speed,weather code,DO NOT TOUCH THIS COLUMN,is holiday,is weekend,season,count
04/01/2015,2.75,NA,0,93,7.5,broken_clouds,NA,FALSE,TRUE,winter,9234
05/01/2015,9,NA,7.25,81.5,8.854166667,broken_clouds,NA,FALSE,FALSE,winter,20372
04/01/2015,2.75,NA,0,93,7.5,broken_clouds,NA,FALSE,TRUE,winter,9234
05/01/2015,9,NA,7.25,81.5,8.854166667,broken_clouds,NA,FALSE,FALSE,winter,20372
NA,NA,NA,NA,NA,NA,NA,NA,NA,NA,NA,NA
NA,NA,NA,NA,NA,NA,NA,NA,NA,NA,NA,NA
06/01/2015,8,NA,5.75,79.75,16,clear,NA,FALSE,FALSE,winter,20613
07/01/2015,9,NA,5.5,81,19.76086957,scattered_clouds,NA,FALSE,FALSE,winter,21064
08/01/2015,9,NA,6.75,79.5,20.47916667,rain,NA,FALSE,FALSE,winter,15601
08/01/2015,9,NA,6.75,79.5,20.47916667,rain,NA,FALSE,FALSE,winter,15601
NA,NA,NA,NA,NA,NA,NA,NA,NA,NA,NA,NA
09/01/2015,13,NA,13,75.75,32.91666667,broken_clouds,NA,FALSE,FALSE,winter,22104
10/01/2015,11.5,NA,11.5,66.75,34.3125,broken_clouds,NA,FALSE,TRUE,winter,14709
11/01/2015,7.75,NA,3.75,69,26.5625,clear,NA,FALSE,TRUE,winter,14575
12/01/2015,11.5,NA,11.5,76.5,28.1875,rain,NA,FALSE,FALSE,winter,17199
13/01/2015,9,NA,6,74.75,21.20833333,rain,NA,FALSE,FALSE,NA,24697
14/01/2015,6,NA,2,68.5,25.75,scattered_clouds,NA,FALSE,FALSE,winter,23565
15/01/2015,9,NA,NA,66,31.16666667,NA,NA,FALSE,FALSE,winter,22968
16/01/2015,6.5,NA,3,68.5,17.45833333,clear,NA,FALSE,FALSE,winter,22663
NA,NA,NA,NA,NA,NA,NA,NA,NA,NA,NA,NA
17/01/2015,5,NA,1.75,76,13.58333333,clear,NA,FALSE,TRUE,winter,15268
18/01/2015,4,NA,2,87,6.979166667,rain,NA,FALSE,TRUE,winter,13199
19/01/2015,2.25,NA,1.25,76.5,6.1875,NA,NA,FALSE,FALSE,winter,23034
20/01/2015,3,NA,0.25,78,9.166666667,clear,NA,FALSE,FALSE,winter,23247
21/01/2015,3,NA,-1,87,14.72916667,NA,NA,FALSE,FALSE,NA,22782
22/01/2015,2,NA,1,79,6.729166667,broken_clouds,NA,FALSE,FALSE,winter,23278
23/01/2015,3.75,NA,0.75,83,12.41666667,clear,NA,FALSE,FALSE,winter,21892
24/01/2015,5.75,NA,2,71.25,18.0625,clear,NA,FALSE,TRUE,winter,17539
25/01/2015,7.25,NA,4.5,79.5,16.16666667,broken_clouds,NA,FALSE,TRUE,winter,15094
26/01/2015,9,NA,6,76,18.95833333,broken_clouds,NA,FALSE,FALSE,winter,22710
27/01/2015,7,NA,4,71,15.29166667,clear,NA,FALSE,FALSE,winter,25000
28/01/2015,7,NA,NA,73,29.14583333,clear,NA,FALSE,FALSE,winter,21536
29/01/2015,3,NA,-2,75,26.5625,scattered_clouds,NA,FALSE,FALSE,winter,21275
30/01/2015,3.75,NA,NA,75,17.47916667,broken_clouds,NA,FALSE,FALSE,winter,21171
31/01/2015,3.25,NA,NA,81,20.125,rain,NA,FALSE,TRUE,winter,10250
01/02/2015,4,NA,NA,65,24.77083333,broken_clouds,NA,FALSE,TRUE,winter,11305
02/02/2015,1.25,NA,-2,65.75,12.625,clear,NA,FALSE,FALSE,winter,21640
03/02/2015,2,NA,-1.25,87,11.83333333,broken_clouds,NA,FALSE,FALSE,winter,19869
04/02/2015,3,NA,-0.5,81,14.125,broken_clouds,NA,FALSE,FALSE,winter,21850
05/02/2015,2.5,NA,-1,81,16.02083333,scattered_clouds,NA,FALSE,FALSE,winter,21200
06/02/2015,2,NA,-2,70,19.27083333,scattered_clouds,NA,FALSE,FALSE,winter,20955
07/02/2015,4.25,NA,2,82.75,11.3125,broken_clouds,NA,FALSE,TRUE,winter,13149
08/02/2015,5,NA,2.25,78.5,10.25,scattered_clouds,NA,FALSE,TRUE,winter,15778
09/02/2015,5,NA,3.5,87,9.208333333,scattered_clouds,NA,FALSE,FALSE,winter,23858
10/02/2015,6,NA,NA,76,6.47826087,NA,NA,FALSE,FALSE,winter,23559
11/02/2015,5,NA,3,76,7.645833333,cloudy,NA,FALSE,FALSE,winter,23680
12/02/2015,4,NA,2.5,72.5,7.208333333,cloudy,NA,FALSE,FALSE,winter,23227
13/02/2015,7.5,NA,4.5,84.5,17.8125,rain,NA,FALSE,FALSE,winter,17699
14/02/2015,7.25,NA,5,87,12.375,broken_clouds,NA,FALSE,TRUE,winter,14423
15/02/2015,6.25,NA,NA,93,7.333333333,broken_clouds,NA,FALSE,TRUE,winter,16952
16/02/2015,6,NA,3.75,90,9.75,rain,NA,FALSE,FALSE,winter,16381
17/02/2015,5.5,NA,3.25,69.25,12.1875,clear,NA,FALSE,FALSE,winter,25064
18/02/2015,7,NA,NA,73.5,15.16666667,NA,NA,FALSE,FALSE,winter,25132
19/02/2015,8,NA,4,81,21.125,rain,NA,FALSE,FALSE,winter,16898
20/02/2015,7,NA,5,81,9.416666667,NA,NA,FALSE,FALSE,winter,20715
21/02/2015,4.25,NA,1,75,16.20833333,scattered_clouds,NA,FALSE,TRUE,winter,16198
22/02/2015,5.5,NA,1.5,85.5,21.25,clear,NA,FALSE,TRUE,winter,9086
23/02/2015,6.75,NA,3,69.25,25.875,scattered_clouds,NA,FALSE,FALSE,winter,21764
24/02/2015,6.75,NA,3,69.75,27,scattered_clouds,NA,FALSE,FALSE,winter,23688
25/02/2015,10,NA,8,78.5,11.10416667,scattered_clouds,NA,FALSE,FALSE,winter,21592
26/02/2015,10,NA,8,88,16.91666667,rain,NA,FALSE,FALSE,winter,20036
27/02/2015,5.75,NA,3.25,69.25,14.3125,clear,NA,FALSE,FALSE,NA,24367
28/02/2015,9,NA,6,85,23.08333333,broken_clouds,NA,FALSE,TRUE,winter,13529
01/03/2015,9,NA,NA,68.75,29.58333333,scattered_clouds,NA,FALSE,TRUE,spring,15641
02/03/2015,5.75,NA,NA,67.25,28.3125,clear,NA,FALSE,FALSE,spring,22258
03/03/2015,6.25,NA,2.75,66,23.04166667,NA,NA,FALSE,FALSE,spring,23845
04/03/2015,6.75,NA,4,65,20.20833333,clear,NA,FALSE,FALSE,spring,24485
05/03/2015,8.5,NA,5.25,62,16.6875,clear,NA,FALSE,FALSE,spring,24896
06/03/2015,8,NA,5.5,64,17.52083333,clear,NA,FALSE,FALSE,spring,25337
07/03/2015,9.25,NA,NA,66.5,18.39583333,clear,NA,FALSE,TRUE,spring,27365
08/03/2015,9.25,NA,8,79,14.22916667,scattered_clouds,NA,FALSE,TRUE,spring,20017
09/03/2015,9.25,NA,7,82,14.3125,broken_clouds,NA,FALSE,FALSE,spring,24037
10/03/2015,9,NA,6.25,71,10.625,clear,NA,FALSE,FALSE,spring,27674
11/03/2015,9.25,NA,8,73.75,11.22916667,clear,NA,FALSE,FALSE,spring,27419
12/03/2015,10,NA,8,50,13.58333333,clear,NA,FALSE,FALSE,spring,28131
13/03/2015,8.75,NA,6.5,60,17.77083333,clear,NA,FALSE,FALSE,spring,25700
14/03/2015,6,NA,3,70,17.95833333,cloudy,NA,FALSE,TRUE,spring,18101
15/03/2015,6,NA,NA,81,16.3125,rain,NA,FALSE,TRUE,spring,10662
16/03/2015,6.75,NA,4,87,13.6875,rain,NA,FALSE,FALSE,spring,19824
17/03/2015,8,NA,6,90,10.20833333,rain,NA,FALSE,FALSE,spring,25780
18/03/2015,7,NA,5,77.25,12.20833333,broken_clouds,NA,FALSE,FALSE,spring,26439
19/03/2015,7,NA,4.5,81,15.08333333,cloudy,NA,FALSE,FALSE,spring,24077
20/03/2015,6.25,NA,NA,79.75,9.854166667,clear,NA,FALSE,FALSE,spring,25226
21/03/2015,8,NA,NA,73.5,16.47916667,broken_clouds,NA,FALSE,TRUE,spring,16116
22/03/2015,6,NA,3.5,67.25,12.39583333,broken_clouds,NA,FALSE,TRUE,spring,18618
23/03/2015,9,NA,7,63,11.91666667,scattered_clouds,NA,FALSE,FALSE,spring,25592
24/03/2015,7.25,NA,5.5,71,9.354166667,rain,NA,FALSE,FALSE,spring,24083
25/03/2015,6.5,NA,4.5,71,7.9375,clear,NA,FALSE,FALSE,spring,25672
26/03/2015,8.5,NA,5.5,76.5,20.83333333,clear,NA,FALSE,FALSE,spring,20305
27/03/2015,8,NA,6.75,61.75,15.72916667,clear,NA,FALSE,FALSE,NA,26348
28/03/2015,12.5,NA,12.5,78.25,22.89583333,broken_clouds,NA,FALSE,TRUE,spring,18986
29/03/2015,11,NA,11,77,30.77173913,rain,NA,FALSE,TRUE,spring,8592
30/03/2015,9.5,NA,6.75,66,26.33333333,NA,NA,FALSE,FALSE,spring,22106
31/03/2015,11,NA,11,56,41.9,clear,NA,FALSE,FALSE,spring,22602
01/04/2015,8.75,NA,5,60.5,31.70833333,scattered_clouds,NA,FALSE,FALSE,spring,23539
02/04/2015,9.25,NA,6.5,71.25,14.8125,clear,NA,FALSE,FALSE,spring,22682
03/04/2015,9.5,NA,8.75,90.5,7.916666667,rain,NA,TRUE,FALSE,spring,11298
04/04/2015,9,NA,7,76,12.26086957,broken_clouds,NA,FALSE,TRUE,spring,12864
05/04/2015,8.25,NA,7,69.75,7.020833333,broken_clouds,NA,FALSE,TRUE,spring,19369
06/04/2015,8.75,NA,6.25,73.75,13.35416667,clear,NA,TRUE,FALSE,spring,25439
07/04/2015,12,NA,12,71.5,6.604166667,clear,NA,FALSE,FALSE,spring,29441
08/04/2015,11,NA,11,77,11.02083333,clear,NA,FALSE,FALSE,spring,30643
09/04/2015,10.25,NA,10,83.5,10.5625,clear,NA,FALSE,FALSE,spring,31520
10/04/2015,13.5,NA,13.5,65.25,11.91666667,clear,NA,FALSE,FALSE,spring,32052
11/04/2015,11.75,NA,11.75,63.75,21.6875,clear,NA,FALSE,TRUE,spring,25113
12/04/2015,11.5,NA,11,59,20.20833333,clear,NA,FALSE,TRUE,spring,29204
13/04/2015,11.25,NA,11.25,69.5,9.729166667,cloudy,NA,FALSE,FALSE,spring,28048
14/04/2015,15.5,NA,15.5,62,17.16666667,clear,NA,FALSE,FALSE,spring,34519
15/04/2015,17,NA,17,54.75,14.0625,clear,NA,FALSE,FALSE,spring,37470
16/04/2015,11,NA,11,65.75,19.625,clear,NA,FALSE,FALSE,spring,30489
17/04/2015,10,NA,7.25,69,23.64583333,NA,NA,FALSE,FALSE,spring,29796
18/04/2015,9.5,NA,6.5,65.25,22.58333333,scattered_clouds,NA,FALSE,TRUE,spring,29595
19/04/2015,9,NA,6.75,64,11.60416667,cloudy,NA,FALSE,TRUE,spring,19736
20/04/2015,10.5,NA,10,66.75,13.85416667,clear,NA,FALSE,FALSE,spring,32057
21/04/2015,11.5,NA,11.5,65.75,12.75,clear,NA,FALSE,FALSE,spring,34908
22/04/2015,10,NA,8.5,70.25,16.85416667,clear,NA,FALSE,FALSE,spring,32381
23/04/2015,9,NA,7.25,73.75,13.20833333,clear,NA,FALSE,FALSE,spring,32773
24/04/2015,13.5,NA,13.5,68.5,14.16666667,clear,NA,FALSE,FALSE,spring,32102
25/04/2015,13,NA,13,82,18.39583333,rain,NA,FALSE,TRUE,NA,25194
26/04/2015,9.75,NA,8,85.75,11.1875,broken_clouds,NA,FALSE,TRUE,spring,19427
27/04/2015,9.75,NA,NA,55,10.47916667,clear,NA,FALSE,FALSE,spring,30489
28/04/2015,9.75,NA,7.75,56,23.04166667,clear,NA,FALSE,FALSE,spring,31783
29/04/2015,9.75,NA,7,71,18.64583333,clear,NA,FALSE,FALSE,spring,26030
30/04/2015,11.25,NA,NA,59,18.29166667,NA,NA,FALSE,FALSE,spring,31621
01/05/2015,9,NA,6,63,18.875,scattered_clouds,NA,FALSE,FALSE,spring,29579
02/05/2015,10.25,NA,8,76,21.0625,clear,NA,FALSE,TRUE,spring,22231
03/05/2015,14.75,NA,14.75,85.5,21.75,broken_clouds,NA,FALSE,TRUE,spring,21165
04/05/2015,14,NA,14,68.75,18.8125,scattered_clouds,NA,TRUE,FALSE,spring,26795
05/05/2015,14.75,NA,14.75,67.25,31.04166667,scattered_clouds,NA,FALSE,FALSE,spring,26488
06/05/2015,13,NA,NA,67.5,32.16666667,rain,NA,FALSE,FALSE,spring,24438
07/05/2015,12.5,NA,12.5,65,19.625,scattered_clouds,NA,FALSE,FALSE,spring,31144
08/05/2015,14,NA,14,74,12.10416667,NA,NA,FALSE,FALSE,spring,26878
09/05/2015,14.25,NA,14.25,58,26.27083333,broken_clouds,NA,FALSE,TRUE,spring,27810
10/05/2015,15.25,NA,15.25,63.25,13.6875,scattered_clouds,NA,FALSE,TRUE,spring,32226
11/05/2015,16.5,NA,16.5,62.5,17.25,clear,NA,FALSE,FALSE,spring,33719
12/05/2015,13.75,NA,NA,52.75,23.22916667,clear,NA,FALSE,FALSE,spring,33820
13/05/2015,13.25,NA,13.25,58.5,11.66666667,clear,NA,FALSE,FALSE,spring,36699
14/05/2015,10,NA,7,86,21.375,rain,NA,FALSE,FALSE,NA,15609
15/05/2015,12,NA,12,63.75,14.0625,scattered_clouds,NA,FALSE,FALSE,spring,32343
16/05/2015,15.25,NA,15.25,52.5,19.91666667,clear,NA,FALSE,TRUE,spring,32526
17/05/2015,13.75,NA,13.75,54.5,17.16666667,clear,NA,FALSE,TRUE,spring,31323
18/05/2015,12,NA,12,72,25.10416667,scattered_clouds,NA,FALSE,FALSE,spring,24288
19/05/2015,10.75,NA,10.25,64.5,24.27083333,scattered_clouds,NA,FALSE,FALSE,spring,28331
20/05/2015,12,NA,12,60.25,18.6875,clear,NA,FALSE,FALSE,spring,30534
21/05/2015,15.5,NA,15.5,49.25,15.75,clear,NA,FALSE,FALSE,spring,34833
22/05/2015,18,NA,18,64,13.66666667,clear,NA,FALSE,FALSE,spring,33435
23/05/2015,15,NA,15,71,15.02083333,NA,NA,FALSE,TRUE,spring,23849
24/05/2015,16.5,NA,16.5,65,11.47916667,broken_clouds,NA,FALSE,TRUE,spring,30018
25/05/2015,14,NA,14,61.75,13.60416667,scattered_clouds,NA,TRUE,FALSE,spring,29502
26/05/2015,14.75,NA,14.75,59,14.60416667,clear,NA,FALSE,FALSE,spring,34809
27/05/2015,14.75,NA,14.75,59,16.6875,clear,NA,FALSE,FALSE,spring,36407
28/05/2015,15,NA,15,45.75,23.20833333,clear,NA,FALSE,FALSE,spring,34387
29/05/2015,12.25,NA,12.25,63,22.20833333,scattered_clouds,NA,FALSE,FALSE,spring,26023
30/05/2015,13,NA,13,58.5,17.83333333,clear,NA,FALSE,TRUE,spring,29206
31/05/2015,14.25,NA,14.25,80.75,22.33333333,rain,NA,FALSE,TRUE,spring,14998
01/06/2015,13,NA,13,64.25,23.64583333,scattered_clouds,NA,FALSE,FALSE,summer,27864
02/06/2015,16,NA,16,77,33.52083333,broken_clouds,NA,FALSE,FALSE,summer,27939
03/06/2015,16,NA,16,50.75,17.58333333,clear,NA,FALSE,FALSE,NA,35377
04/06/2015,16.75,NA,16.75,59.5,12.85416667,clear,NA,FALSE,FALSE,summer,39451
05/06/2015,21.5,NA,21.5,60,19.45238095,clear,NA,FALSE,FALSE,summer,34563
06/06/2015,15.75,NA,15.75,45.75,23.79166667,clear,NA,FALSE,TRUE,summer,32820
07/06/2015,14.75,NA,14.75,56.25,12.52083333,clear,NA,FALSE,TRUE,summer,35407
08/06/2015,13.25,NA,13.25,64,13.54166667,clear,NA,FALSE,FALSE,summer,32587
09/06/2015,12.5,NA,12.5,56.5,21.02083333,scattered_clouds,NA,FALSE,FALSE,summer,33255
10/06/2015,14.25,NA,14.25,59,21.95833333,scattered_clouds,NA,FALSE,FALSE,summer,35707
11/06/2015,17.5,NA,17.5,62,20.41666667,clear,NA,FALSE,FALSE,summer,38808
12/06/2015,18.25,NA,18.25,69,12.20833333,clear,NA,FALSE,FALSE,summer,35172
13/06/2015,17.25,NA,17.25,83,18.33333333,cloudy,NA,FALSE,TRUE,summer,30298
14/06/2015,14.5,NA,NA,80.75,13.14583333,broken_clouds,NA,FALSE,TRUE,summer,25235
15/06/2015,13.5,NA,13.5,63,16.875,scattered_clouds,NA,FALSE,FALSE,summer,34558
16/06/2015,17.75,NA,17.75,60,8.125,clear,NA,FALSE,FALSE,NA,37923
17/06/2015,20.25,NA,20.25,66.5,21.91666667,clear,NA,FALSE,FALSE,summer,38591
18/06/2015,18.25,NA,18.25,54.25,18.08333333,clear,NA,FALSE,FALSE,summer,38687
19/06/2015,15.25,NA,15.25,61,16.02083333,scattered_clouds,NA,FALSE,FALSE,summer,35966
20/06/2015,17.5,NA,17.5,72,9.75,broken_clouds,NA,FALSE,TRUE,summer,26295
21/06/2015,17.25,NA,17.25,58.25,23.04166667,broken_clouds,NA,FALSE,TRUE,summer,30393
22/06/2015,14.25,NA,14.25,73.5,20.91666667,scattered_clouds,NA,FALSE,FALSE,summer,29557
23/06/2015,15.75,NA,15.75,60,14.10416667,broken_clouds,NA,FALSE,FALSE,summer,37472
24/06/2015,18.75,NA,18.75,54,16.08333333,NA,NA,FALSE,FALSE,NA,38940
25/06/2015,20,NA,20,55.5,13.54166667,clear,NA,FALSE,FALSE,summer,38673
26/06/2015,20.25,NA,20.25,57.5,15.91666667,clear,NA,FALSE,FALSE,summer,37019
27/06/2015,20,NA,20,59,17,clear,NA,FALSE,TRUE,summer,36581
28/06/2015,19,NA,NA,64,15.33333333,scattered_clouds,NA,FALSE,TRUE,summer,25706
29/06/2015,20.75,NA,20.75,54,13.41666667,clear,NA,FALSE,FALSE,summer,39082
30/06/2015,21.75,NA,21.5,53.75,14.89583333,clear,NA,FALSE,FALSE,summer,43326
01/07/2015,28.5,NA,29,46.75,17.3125,clear,NA,FALSE,FALSE,summer,42641
02/07/2015,22,NA,22,63,15.20833333,clear,NA,FALSE,FALSE,summer,38262
03/07/2015,19.75,NA,19.75,64.5,17.45833333,clear,NA,FALSE,FALSE,summer,39611
04/07/2015,21.5,NA,21.5,58.25,17.4375,clear,NA,FALSE,TRUE,NA,38283
05/07/2015,18,NA,18,66,13.72916667,clear,NA,FALSE,TRUE,summer,29716
06/07/2015,19.25,NA,NA,54.25,15.47916667,clear,NA,FALSE,FALSE,summer,38620
07/07/2015,19.25,NA,19.25,61.5,21.52083333,clear,NA,FALSE,FALSE,summer,37908
08/07/2015,17.75,NA,17.75,65,23.83333333,NA,NA,FALSE,FALSE,summer,41703
09/07/2015,18,NA,18,54.75,12.97916667,clear,NA,FALSE,FALSE,NA,72504
10/07/2015,21.5,NA,21,42,12.85416667,clear,NA,FALSE,FALSE,summer,42779
11/07/2015,21,NA,NA,53.25,17.41666667,clear,NA,FALSE,TRUE,summer,42091
12/07/2015,18.25,NA,18.25,77.25,21.6875,broken_clouds,NA,FALSE,TRUE,summer,23240
13/07/2015,19,NA,19,83,20.04347826,broken_clouds,NA,FALSE,FALSE,summer,26920
14/07/2015,19,NA,19,78,15.97916667,broken_clouds,NA,FALSE,FALSE,summer,35348
15/07/2015,19.25,NA,19.25,81.75,12,broken_clouds,NA,FALSE,FALSE,summer,34574
16/07/2015,19.5,NA,19.5,63,22.04166667,broken_clouds,NA,FALSE,FALSE,summer,39306
17/07/2015,20.5,NA,20.5,62,19.95833333,scattered_clouds,NA,FALSE,FALSE,summer,38505
18/07/2015,18.25,NA,18.25,61,17.58333333,clear,NA,FALSE,TRUE,summer,38491
19/07/2015,20.25,NA,NA,47.5,18.97916667,clear,NA,FALSE,TRUE,summer,36693
20/07/2015,18,NA,18,77,13.35714286,broken_clouds,NA,FALSE,FALSE,summer,27163
21/07/2015,19.75,NA,19.75,62,22.39583333,NA,NA,FALSE,FALSE,summer,40696
22/07/2015,19,NA,19,58.5,17.75,scattered_clouds,NA,FALSE,FALSE,summer,37915
23/07/2015,18.75,NA,18.75,55,13.5625,clear,NA,FALSE,FALSE,summer,39092
24/07/2015,16.25,NA,16.25,78.5,11.45833333,rain,NA,FALSE,FALSE,summer,16034
25/07/2015,17.25,NA,17.25,53,19.91666667,clear,NA,FALSE,TRUE,summer,32608
26/07/2015,15,NA,15,80.25,16.25,clear,NA,FALSE,TRUE,summer,12398
27/07/2015,17.25,NA,17.25,66,28.20833333,NA,NA,FALSE,FALSE,summer,31904
28/07/2015,16.75,NA,16.75,56,27.85416667,scattered_clouds,NA,FALSE,FALSE,summer,36101
29/07/2015,16,NA,16,61.5,19.66666667,scattered_clouds,NA,FALSE,FALSE,summer,36761
30/07/2015,15.75,NA,15.75,60,14.85416667,scattered_clouds,NA,FALSE,FALSE,summer,36145
31/07/2015,17.75,NA,17.75,50.5,8.1875,clear,NA,FALSE,FALSE,summer,36675
01/08/2015,18,NA,18,56.5,12.60416667,clear,NA,FALSE,TRUE,summer,43017
02/08/2015,20,NA,NA,56.75,12.5,clear,NA,FALSE,TRUE,summer,43295
03/08/2015,19.25,NA,19.25,68,17.625,clear,NA,FALSE,FALSE,summer,35402
04/08/2015,17.75,NA,NA,59,22.91666667,clear,NA,FALSE,FALSE,summer,37644
05/08/2015,17.75,NA,NA,68.25,11.0625,clear,NA,FALSE,FALSE,summer,38770
06/08/2015,18.75,NA,18.75,68.25,14.89583333,clear,NA,FALSE,FALSE,summer,63468
07/08/2015,19,NA,19,63.5,8.958333333,scattered_clouds,NA,FALSE,FALSE,summer,39486
08/08/2015,20.25,NA,20.25,63,11.04166667,clear,NA,FALSE,TRUE,summer,38993
09/08/2015,21.25,NA,21.25,57.5,12.27083333,clear,NA,FALSE,TRUE,summer,40441
10/08/2015,20.25,NA,NA,75.5,18.10416667,broken_clouds,NA,FALSE,FALSE,summer,35335
11/08/2015,18,NA,18,66,7.4375,scattered_clouds,NA,FALSE,FALSE,summer,34318
12/08/2015,18.25,NA,18.25,68.25,16.77083333,broken_clouds,NA,FALSE,FALSE,summer,36548
13/08/2015,19,NA,19,84.25,15.14583333,cloudy,NA,FALSE,FALSE,summer,25974
14/08/2015,19,NA,NA,88,12.54166667,broken_clouds,NA,FALSE,FALSE,summer,25419
15/08/2015,18,NA,18,56,13.5,clear,NA,FALSE,TRUE,summer,33739
16/08/2015,16.75,NA,16.75,64.75,7,clear,NA,FALSE,TRUE,summer,30616
17/08/2015,19,NA,NA,52,9.666666667,clear,NA,FALSE,FALSE,summer,35695
18/08/2015,18,NA,18,59.5,16.14583333,clear,NA,FALSE,FALSE,summer,34530
19/08/2015,17.25,NA,17.25,70.5,15.08333333,scattered_clouds,NA,FALSE,FALSE,summer,31640
20/08/2015,19.75,NA,19.75,83,13.8125,broken_clouds,NA,FALSE,FALSE,summer,32554
21/08/2015,22,NA,22,70,14.5625,scattered_clouds,NA,FALSE,FALSE,summer,35882
22/08/2015,22.5,NA,NA,66,12.29166667,clear,NA,FALSE,TRUE,summer,44187
23/08/2015,19.75,NA,19.75,66.5,16.85416667,clear,NA,FALSE,TRUE,summer,27001
24/08/2015,15.75,NA,15.75,88,13.375,rain,NA,FALSE,FALSE,summer,17400
25/08/2015,16.25,NA,16.25,80,20.10416667,NA,NA,FALSE,FALSE,summer,28152
26/08/2015,18.5,NA,18.5,80.25,21.97916667,rain,NA,FALSE,FALSE,summer,23738
27/08/2015,16,NA,16,80,17.5,scattered_clouds,NA,FALSE,FALSE,summer,30528
28/08/2015,17.25,NA,17.25,68.5,15.8125,clear,NA,FALSE,FALSE,summer,32950
29/08/2015,18,NA,18,75.75,7.770833333,clear,NA,FALSE,TRUE,summer,22618
30/08/2015,17.5,NA,NA,79.25,10.47916667,broken_clouds,NA,FALSE,TRUE,summer,24972
31/08/2015,15.5,NA,15.5,88,10.4375,rain,NA,TRUE,FALSE,summer,9639
01/09/2015,15,NA,15,82,9.5,broken_clouds,NA,FALSE,FALSE,autumm,25556
02/09/2015,14.5,NA,14.5,76,10.22916667,scattered_clouds,NA,FALSE,FALSE,autumm,30180
03/09/2015,14,NA,14,66.25,12.95833333,scattered_clouds,NA,FALSE,FALSE,autumm,30950
04/09/2015,14.25,NA,14.25,63,13.125,scattered_clouds,NA,FALSE,FALSE,autumm,29709
05/09/2015,13.5,NA,13.5,71,11.29166667,broken_clouds,NA,FALSE,TRUE,autumm,22317
06/09/2015,14.75,NA,14.75,63,9.8125,clear,NA,FALSE,TRUE,autumm,29429
07/09/2015,14.25,NA,14.25,71,9.8125,clear,NA,FALSE,FALSE,autumm,31692
08/09/2015,14.75,NA,14.75,74.5,8.375,broken_clouds,NA,FALSE,FALSE,autumm,32781
09/09/2015,15.25,NA,15.25,76,14.08333333,broken_clouds,NA,FALSE,FALSE,autumm,33116
10/09/2015,16.25,NA,16.25,78.25,15,clear,NA,FALSE,FALSE,autumm,35734
11/09/2015,17,NA,17,73,16.84090909,clear,NA,FALSE,FALSE,autumm,33190
12/09/2015,18.25,NA,18.25,60.75,17.52777778,scattered_clouds,NA,FALSE,TRUE,NA,27023
13/09/2015,13.5,NA,13.5,74.5,10.95833333,clear,NA,FALSE,TRUE,autumm,26166
14/09/2015,13.25,NA,13.25,79.75,18.625,rain,NA,FALSE,FALSE,autumm,25811
15/09/2015,13.75,NA,13.75,74.5,18,scattered_clouds,NA,FALSE,FALSE,autumm,28066
16/09/2015,14,NA,14,91,13.41666667,rain,NA,FALSE,FALSE,autumm,18653
17/09/2015,14.25,NA,14.25,77,16.6875,scattered_clouds,NA,FALSE,FALSE,autumm,32075
18/09/2015,15,NA,15,81,9.5,scattered_clouds,NA,FALSE,FALSE,autumm,29829
19/09/2015,14.5,NA,14.5,74.5,6.97826087,clear,NA,FALSE,TRUE,autumm,31826
20/09/2015,14.75,NA,14.75,79.5,11.35416667,NA,NA,FALSE,TRUE,autumm,31141
21/09/2015,15,NA,15,83.5,13.45833333,scattered_clouds,NA,FALSE,FALSE,autumm,23676
22/09/2015,12.75,NA,12.75,85,12.5625,clear,NA,FALSE,FALSE,autumm,20434
23/09/2015,15,NA,15,72,18.29166667,scattered_clouds,NA,FALSE,FALSE,autumm,33977
24/09/2015,15.5,NA,15.5,70,19.9375,scattered_clouds,NA,FALSE,FALSE,autumm,29396
25/09/2015,13.5,NA,13.5,69.75,10.72916667,clear,NA,FALSE,FALSE,autumm,34783
26/09/2015,13,NA,13,70.75,8.5,clear,NA,FALSE,TRUE,autumm,32636
27/09/2015,13.75,NA,13.75,72.25,11.64583333,clear,NA,FALSE,TRUE,autumm,29817
28/09/2015,14.75,NA,14.75,73.25,14.91666667,clear,NA,FALSE,FALSE,autumm,33138
29/09/2015,14.5,NA,14.5,73.25,16.35416667,clear,NA,FALSE,FALSE,autumm,34436
30/09/2015,14.25,NA,14.25,73.25,17.02083333,clear,NA,FALSE,FALSE,autumm,34941
01/10/2015,14,NA,14,74.5,15.77083333,clear,NA,FALSE,FALSE,autumm,34562
02/10/2015,13,NA,13,77,10.72916667,clear,NA,FALSE,FALSE,autumm,35503
03/10/2015,12,NA,12,82,5.708333333,broken_clouds,NA,FALSE,TRUE,autumm,28956
04/10/2015,13,NA,NA,78.25,9.854166667,clear,NA,FALSE,TRUE,autumm,29884
05/10/2015,16,NA,16,88,13.75,rain,NA,FALSE,FALSE,autumm,20741
06/10/2015,16,NA,16,92.5,12.41666667,rain,NA,FALSE,FALSE,autumm,25892
07/10/2015,15,NA,15,84.25,19.08333333,broken_clouds,NA,FALSE,FALSE,autumm,28629
08/10/2015,12.25,NA,NA,77,8.416666667,clear,NA,FALSE,FALSE,autumm,33676
09/10/2015,12,NA,12,82,6.913043478,clear,NA,FALSE,FALSE,autumm,32006
10/10/2015,13,NA,13,82,11.125,scattered_clouds,NA,FALSE,TRUE,autumm,29416
11/10/2015,12.25,NA,12.25,70.25,13.20833333,clear,NA,FALSE,TRUE,autumm,27796
12/10/2015,11,NA,11,73.75,10,broken_clouds,NA,FALSE,FALSE,autumm,31292
13/10/2015,10,NA,8,77.75,14.52777778,NA,NA,FALSE,FALSE,autumm,20114
14/10/2015,11,NA,11,76.5,13.5,scattered_clouds,NA,FALSE,FALSE,autumm,30579
15/10/2015,11.25,NA,11.25,82,13.14583333,broken_clouds,NA,FALSE,FALSE,autumm,30874
16/10/2015,12,NA,12,80.75,16.47916667,broken_clouds,NA,FALSE,FALSE,autumm,30075
17/10/2015,12,NA,12,77,13.75,broken_clouds,NA,FALSE,TRUE,autumm,24327
18/10/2015,13,NA,NA,82,9.145833333,broken_clouds,NA,FALSE,TRUE,autumm,23070
19/10/2015,12.75,NA,12.75,79.5,7.375,broken_clouds,NA,FALSE,FALSE,autumm,29952
20/10/2015,11.25,NA,11.25,77,8.020833333,scattered_clouds,NA,FALSE,FALSE,autumm,32718
21/10/2015,12,NA,12,88,15.52083333,rain,NA,FALSE,FALSE,autumm,18922
22/10/2015,14,NA,14,65,16.91666667,broken_clouds,NA,FALSE,FALSE,autumm,30326
23/10/2015,13,NA,13,65,7.520833333,cloudy,NA,FALSE,FALSE,autumm,30273
24/10/2015,13,NA,13,77,10.79166667,rain,NA,FALSE,TRUE,autumm,16876
25/10/2015,9,NA,7,79,8.507246377,clear,NA,FALSE,TRUE,autumm,23133
26/10/2015,12.5,NA,12.5,88,13.5625,broken_clouds,NA,FALSE,FALSE,autumm,30364
27/10/2015,14.75,NA,14.75,85,12.22916667,clear,NA,FALSE,FALSE,autumm,32436
28/10/2015,13.5,NA,13.5,88,10.875,rain,NA,FALSE,FALSE,autumm,23881
29/10/2015,14,NA,14,89.5,13.39583333,scattered_clouds,NA,FALSE,FALSE,NA,27339
30/10/2015,14.5,NA,14.5,82,13.58333333,rain,NA,FALSE,FALSE,autumm,23970
31/10/2015,12,NA,12,89.5,9.75,clear,NA,FALSE,TRUE,NA,27464
01/11/2015,9.5,NA,9.25,97,5.208333333,NA,NA,FALSE,TRUE,autumm,22848
02/11/2015,10.5,NA,10.25,97,9.166666667,cloudy,NA,FALSE,FALSE,autumm,28033
03/11/2015,12,NA,12,88,9.041666667,broken_clouds,NA,FALSE,FALSE,autumm,30710
04/11/2015,14,NA,14,88,8.395833333,scattered_clouds,NA,FALSE,FALSE,autumm,23462
05/11/2015,15,NA,15,88,14.33333333,NA,NA,FALSE,FALSE,autumm,24503
06/11/2015,16,NA,16,85,18.125,broken_clouds,NA,FALSE,FALSE,autumm,25431
07/11/2015,16,NA,16,85,22.89583333,rain,NA,FALSE,TRUE,autumm,14881
08/11/2015,15,NA,15,84.25,16.29166667,broken_clouds,NA,FALSE,TRUE,autumm,18754
09/11/2015,15,NA,15,74.5,27.04166667,broken_clouds,NA,FALSE,FALSE,autumm,28474
10/11/2015,16,NA,16,82,22.9375,broken_clouds,NA,FALSE,FALSE,autumm,29206
11/11/2015,15,NA,15,70,20.33333333,broken_clouds,NA,FALSE,FALSE,autumm,29899
12/11/2015,14.5,NA,14.5,79.5,17.22916667,scattered_clouds,NA,FALSE,FALSE,autumm,28962
13/11/2015,10.25,NA,8,66,27.9375,clear,NA,FALSE,FALSE,autumm,25252
14/11/2015,10,NA,8,82,23.33333333,rain,NA,FALSE,TRUE,autumm,8898
15/11/2015,16,NA,16,72,34.0625,NA,NA,FALSE,TRUE,autumm,17594
16/11/2015,14,NA,14,72,21.875,scattered_clouds,NA,FALSE,FALSE,autumm,26507
17/11/2015,14.75,NA,14.75,79.5,29.20454545,rain,NA,FALSE,FALSE,autumm,22768
18/11/2015,14,NA,14,69.5,31.66666667,scattered_clouds,NA,FALSE,FALSE,autumm,25926
19/11/2015,11.75,NA,11.75,79.5,21.52083333,rain,NA,FALSE,FALSE,autumm,23695
20/11/2015,10,NA,7,65.25,22.3125,scattered_clouds,NA,FALSE,FALSE,autumm,25788
21/11/2015,4.5,NA,-0.5,66,26.25,clear,NA,FALSE,TRUE,autumm,12751
22/11/2015,3.5,NA,1.25,77.25,10.66666667,clear,NA,FALSE,TRUE,autumm,13118
23/11/2015,6.75,NA,4,73.5,11.14583333,clear,NA,FALSE,FALSE,autumm,23908
24/11/2015,9,NA,6,82,19.91666667,NA,NA,FALSE,FALSE,autumm,21175
25/11/2015,9,NA,6.5,79,16.16666667,scattered_clouds,NA,FALSE,FALSE,autumm,26000
26/11/2015,10,NA,8,88,7.541666667,broken_clouds,NA,FALSE,FALSE,autumm,26626
27/11/2015,11.5,NA,11.5,83.75,20.72916667,broken_clouds,NA,FALSE,FALSE,autumm,23517
28/11/2015,8.75,NA,5.25,69.75,27.25,clear,NA,FALSE,TRUE,autumm,16336
29/11/2015,11.75,NA,11.75,72,34.08333333,broken_clouds,NA,FALSE,TRUE,autumm,11392
30/11/2015,13,NA,13,77,26.06521739,broken_clouds,NA,FALSE,FALSE,autumm,20918
01/12/2015,14,NA,14,70,20.25,broken_clouds,NA,FALSE,FALSE,winter,26559
02/12/2015,13,NA,13,74.5,20.75,scattered_clouds,NA,FALSE,FALSE,winter,27789
03/12/2015,13,NA,13,77,21.125,scattered_clouds,NA,FALSE,FALSE,winter,25899
04/12/2015,11.75,NA,11.75,70.25,25.0625,scattered_clouds,NA,FALSE,FALSE,winter,25956
05/12/2015,13,NA,13,66,36.83333333,scattered_clouds,NA,FALSE,TRUE,winter,16511
06/12/2015,13,NA,13,79.5,23.14583333,broken_clouds,NA,FALSE,TRUE,winter,15478
07/12/2015,13.5,NA,13.5,82,14.47916667,NA,NA,FALSE,FALSE,winter,25734
08/12/2015,13,NA,13,73.5,20.75,clear,NA,FALSE,FALSE,winter,23430
09/12/2015,11,NA,11,74.5,18.27083333,clear,NA,FALSE,FALSE,winter,27562
10/12/2015,12,NA,12,77,22.4375,broken_clouds,NA,FALSE,FALSE,winter,23115
11/12/2015,10.5,NA,9.25,74.5,20.375,broken_clouds,NA,FALSE,FALSE,winter,23259
12/12/2015,13.5,NA,13.5,72,23.375,broken_clouds,NA,FALSE,TRUE,winter,15815
13/12/2015,8.5,NA,6.75,93,10.25,rain,NA,FALSE,TRUE,winter,12291
14/12/2015,9,NA,7.75,84.5,9.729166667,NA,NA,FALSE,FALSE,winter,23835
15/12/2015,12,NA,12,94,10.70833333,NA,NA,FALSE,FALSE,NA,20201
16/12/2015,14.25,NA,14.25,82,20.45833333,broken_clouds,NA,FALSE,FALSE,winter,25558
17/12/2015,14,NA,14,72.25,18.9375,clear,NA,FALSE,FALSE,winter,25804
18/12/2015,13,NA,13,80.75,17.1875,scattered_clouds,NA,FALSE,FALSE,winter,25730
19/12/2015,15.25,NA,15.25,69,22.33333333,clear,NA,FALSE,TRUE,winter,18754
20/12/2015,13,NA,13,76.75,20.375,NA,NA,FALSE,TRUE,winter,13060
21/12/2015,11,NA,11,76.75,22.60416667,NA,NA,FALSE,FALSE,winter,18136
22/12/2015,14.5,NA,14.5,82,31.39583333,rain,NA,FALSE,FALSE,winter,17458
23/12/2015,11,NA,11,68.25,23.16666667,scattered_clouds,NA,FALSE,FALSE,NA,18451
24/12/2015,11.75,NA,11.75,69.5,25.5625,clear,NA,FALSE,FALSE,winter,8908
25/12/2015,10.25,NA,NA,78.25,18.04166667,rain,NA,TRUE,FALSE,winter,22423
26/12/2015,15,NA,15,72,27.41666667,broken_clouds,NA,FALSE,TRUE,winter,10230
27/12/2015,14.5,NA,14.5,82,22,broken_clouds,NA,FALSE,TRUE,winter,9378
28/12/2015,11.75,NA,11.75,69.5,15.04166667,clear,NA,TRUE,FALSE,winter,13732
29/12/2015,12,NA,12,74.5,17.20833333,NA,NA,FALSE,FALSE,winter,15592
30/12/2015,13,NA,13,67.25,25.08333333,rain,NA,FALSE,FALSE,winter,12301
31/12/2015,9.5,NA,6.25,69.75,23.39583333,scattered_clouds,NA,FALSE,FALSE,winter,13889
01/01/2016,7.25,NA,4.5,84,16.72916667,clear,NA,TRUE,FALSE,winter,9797
02/01/2016,11,NA,11,88,21.60416667,rain,NA,FALSE,TRUE,winter,7195
03/01/2016,9,NA,6,86,16.1875,rain,NA,FALSE,TRUE,winter,4869
04/01/2016,9,NA,6.75,82,12.5,scattered_clouds,NA,FALSE,FALSE,winter,20533
05/01/2016,9,NA,7.75,85.75,8.4375,scattered_clouds,NA,FALSE,FALSE,winter,22805
06/01/2016,7,NA,6,91.5,6.541666667,broken_clouds,NA,FALSE,FALSE,winter,23038
07/01/2016,8,NA,4,79,24.22916667,rain,NA,FALSE,FALSE,winter,18083
08/01/2016,8,NA,6,78.5,12.64583333,NA,NA,FALSE,FALSE,winter,20762
09/01/2016,9.25,NA,7.5,82,18.04166667,rain,NA,FALSE,TRUE,winter,11583
10/01/2016,7,NA,4,76,18.91666667,clear,NA,FALSE,TRUE,winter,14320
11/01/2016,7,NA,4,81.75,16.52083333,broken_clouds,NA,FALSE,FALSE,winter,21092
12/01/2016,6.25,NA,2,77.25,27.8125,rain,NA,FALSE,FALSE,NA,22799
13/01/2016,6,NA,3,73.25,18.10416667,clear,NA,FALSE,FALSE,winter,24586
14/01/2016,4.25,NA,-0.5,77.25,25.9375,clear,NA,FALSE,FALSE,winter,22186
15/01/2016,4,NA,0,72.5,21.4375,scattered_clouds,NA,FALSE,FALSE,winter,22446
16/01/2016,3,NA,0.5,75,9.5625,clear,NA,FALSE,TRUE,winter,16091
17/01/2016,3.5,NA,1,81,9.0625,snowfall,NA,FALSE,TRUE,winter,11762
18/01/2016,3.5,NA,NA,75,11.4375,scattered_clouds,NA,FALSE,FALSE,winter,22762
19/01/2016,0.25,NA,0.25,75,2.770833333,NA,NA,FALSE,FALSE,winter,23819
20/01/2016,1,NA,0,77.5,5.416666667,clear,NA,FALSE,FALSE,winter,23800
21/01/2016,4.75,NA,2,74,10.45833333,clear,NA,FALSE,FALSE,winter,23378
22/01/2016,8.25,NA,5.5,79,15.35416667,clear,NA,FALSE,FALSE,winter,18328
23/01/2016,8.5,NA,6.5,84.5,13.6875,clear,NA,FALSE,TRUE,winter,17218
24/01/2016,12.75,NA,12.75,88,14.97916667,broken_clouds,NA,FALSE,TRUE,winter,16360
25/01/2016,12.5,NA,12.5,72,19.79166667,NA,NA,FALSE,FALSE,winter,25724
26/01/2016,11,NA,11,82,27.20833333,rain,NA,FALSE,FALSE,winter,20224
27/01/2016,12.5,NA,12.5,82,30.54166667,broken_clouds,NA,FALSE,FALSE,winter,21708
28/01/2016,9,NA,5.5,65,22.27083333,clear,NA,FALSE,FALSE,winter,25324
29/01/2016,12,NA,12,78.25,33.79166667,broken_clouds,NA,FALSE,FALSE,winter,22526
30/01/2016,8,NA,4,71,27.04166667,clear,NA,FALSE,TRUE,winter,16381
31/01/2016,10.75,NA,10.25,77,22.5,broken_clouds,NA,FALSE,TRUE,winter,11019
01/02/2016,13,NA,13,68.25,34.9375,broken_clouds,NA,FALSE,FALSE,winter,23606
02/02/2016,10,NA,6,62,30.0625,scattered_clouds,NA,FALSE,FALSE,NA,24514
03/02/2016,6,NA,2.75,67.25,22.125,clear,NA,FALSE,FALSE,winter,24436
04/02/2016,11,NA,11,77.75,21.97916667,broken_clouds,NA,FALSE,FALSE,winter,25154
05/02/2016,11,NA,11,77,22.33333333,broken_clouds,NA,FALSE,FALSE,winter,22597
06/02/2016,11,NA,11,77,31.08333333,broken_clouds,NA,FALSE,TRUE,winter,13126
07/02/2016,8,NA,4,76,27.41304348,scattered_clouds,NA,FALSE,TRUE,winter,14025
08/02/2016,9,NA,4,62,41.38888889,broken_clouds,NA,FALSE,FALSE,winter,19497
09/02/2016,6.25,NA,3,69.75,21.375,scattered_clouds,NA,FALSE,FALSE,winter,23308
10/02/2016,6.25,NA,3,76,18.70833333,broken_clouds,NA,FALSE,FALSE,winter,23626
11/02/2016,5,NA,NA,76,9.0625,scattered_clouds,NA,FALSE,FALSE,winter,25186
12/02/2016,5,NA,2,84,13.04166667,broken_clouds,NA,FALSE,FALSE,NA,22819
13/02/2016,5,NA,0.5,87,18.4375,rain,NA,FALSE,TRUE,winter,9869
14/02/2016,4,NA,1,74.25,15.97916667,clear,NA,FALSE,TRUE,winter,13697
15/02/2016,3.5,NA,0.5,81,16.3125,scattered_clouds,NA,FALSE,FALSE,winter,21789
16/02/2016,3.75,NA,1.75,82.5,9.25,clear,NA,FALSE,FALSE,winter,24386
17/02/2016,5,NA,2.5,75.5,12.375,broken_clouds,NA,FALSE,FALSE,winter,19034
18/02/2016,5,NA,2,70,13.20833333,scattered_clouds,NA,FALSE,FALSE,winter,23517
19/02/2016,8,NA,4,81.5,19.54166667,NA,NA,FALSE,FALSE,winter,22173
20/02/2016,11,NA,11,79.5,27.95652174,rain,NA,FALSE,TRUE,winter,10745
21/02/2016,13,NA,13,78.25,30.79166667,broken_clouds,NA,FALSE,TRUE,winter,14670
22/02/2016,8.75,NA,6,76.5,16.91666667,rain,NA,FALSE,FALSE,winter,20463
23/02/2016,6,NA,4,68.5,10.89583333,scattered_clouds,NA,FALSE,FALSE,winter,25657
24/02/2016,3.25,NA,3,72.5,4.770833333,clear,NA,FALSE,FALSE,winter,25481
25/02/2016,3,NA,1.75,73.75,8.583333333,clear,NA,FALSE,FALSE,winter,24174
26/02/2016,4.75,NA,1.75,72.75,11.52083333,clear,NA,FALSE,FALSE,winter,23580
27/02/2016,4.75,NA,1.5,64.25,17.77083333,cloudy,NA,FALSE,TRUE,winter,14745
28/02/2016,5,NA,2,69,19.60416667,broken_clouds,NA,FALSE,TRUE,NA,13451
29/02/2016,6,NA,NA,61,9.333333333,scattered_clouds,NA,FALSE,FALSE,winter,23585
01/03/2016,10,NA,6.75,81,25.33333333,broken_clouds,NA,FALSE,FALSE,spring,20704
02/03/2016,6,NA,1.5,71,31,scattered_clouds,NA,FALSE,FALSE,spring,20635
03/03/2016,7,NA,3.5,69.25,21.79166667,scattered_clouds,NA,FALSE,FALSE,spring,24416
04/03/2016,6,NA,3.5,70,16.85416667,scattered_clouds,NA,FALSE,FALSE,spring,23970
05/03/2016,4,NA,0.25,81,14.70833333,clear,NA,FALSE,TRUE,spring,12215
06/03/2016,4,NA,2,75,14,NA,NA,FALSE,TRUE,spring,12510
07/03/2016,5,NA,2.5,64.25,14.64583333,clear,NA,FALSE,FALSE,NA,22672
08/03/2016,7,NA,3.75,73.75,15,clear,NA,FALSE,FALSE,spring,23129
09/03/2016,8,NA,5,85.75,17,rain,NA,FALSE,FALSE,spring,19142
10/03/2016,6,NA,NA,87,7.520833333,broken_clouds,NA,FALSE,FALSE,spring,23504
11/03/2016,4.25,NA,3.75,88.5,7.208333333,clear,NA,FALSE,FALSE,spring,20893
12/03/2016,6,NA,5,87,6.229166667,broken_clouds,NA,FALSE,TRUE,spring,21573
13/03/2016,5,NA,2,81,14.66666667,cloudy,NA,FALSE,TRUE,spring,21687
14/03/2016,6,NA,NA,74.75,20.97916667,clear,NA,FALSE,FALSE,spring,25448
15/03/2016,7,NA,4.25,87,12.6875,broken_clouds,NA,FALSE,FALSE,spring,25224
16/03/2016,7,NA,4,72.25,22.08333333,broken_clouds,NA,FALSE,FALSE,spring,25322
17/03/2016,6,NA,NA,73.5,12.16666667,clear,NA,FALSE,FALSE,spring,27060
18/03/2016,6.25,NA,3.75,81,12.35416667,broken_clouds,NA,FALSE,FALSE,spring,23047
19/03/2016,7,NA,4.5,71,16.1875,cloudy,NA,FALSE,TRUE,spring,17903
20/03/2016,8,NA,6.25,76,12.79166667,cloudy,NA,FALSE,TRUE,spring,17043
21/03/2016,9,NA,7.5,67.5,10.83333333,broken_clouds,NA,FALSE,FALSE,spring,25852
22/03/2016,9,NA,8,66,6,clear,NA,FALSE,FALSE,spring,29150
23/03/2016,9,NA,8,62,6.208333333,broken_clouds,NA,FALSE,FALSE,spring,26837
24/03/2016,9,NA,6,72.25,17.16666667,rain,NA,FALSE,FALSE,spring,19329
25/03/2016,9.75,NA,7.5,63,14.125,clear,NA,TRUE,FALSE,spring,25236
26/03/2016,10,NA,8,82,22.57894737,broken_clouds,NA,FALSE,TRUE,spring,10053
27/03/2016,9.25,NA,6.5,72.5,29.5,rain,NA,FALSE,TRUE,spring,8123
28/03/2016,8.5,NA,4.5,80,34.625,rain,NA,TRUE,FALSE,spring,10216
29/03/2016,8,NA,4.5,76,23.10416667,scattered_clouds,NA,FALSE,FALSE,spring,18814
30/03/2016,9.25,NA,NA,70,17.72916667,scattered_clouds,NA,FALSE,FALSE,spring,26516
31/03/2016,8.25,NA,7.25,71,10.66666667,clear,NA,FALSE,FALSE,spring,28304
01/04/2016,9,NA,7.25,64.5,11.16666667,NA,NA,FALSE,FALSE,spring,27137
02/04/2016,9.5,NA,7.5,62,14.83333333,clear,NA,FALSE,TRUE,NA,24367
03/04/2016,11,NA,11,87,11.3125,rain,NA,FALSE,TRUE,spring,24941
04/04/2016,10.75,NA,10.5,79.5,13.58333333,clear,NA,FALSE,FALSE,spring,25109
05/04/2016,11.75,NA,11.75,60.5,14.91666667,scattered_clouds,NA,FALSE,FALSE,spring,30575
06/04/2016,9,NA,6,65.75,26.4375,clear,NA,FALSE,FALSE,spring,24002
07/04/2016,8,NA,4.5,76,21.08695652,rain,NA,FALSE,FALSE,spring,18358
08/04/2016,9.75,NA,8,72.25,11.1875,clear,NA,FALSE,FALSE,spring,27191
09/04/2016,8.5,NA,6,71,15.83333333,scattered_clouds,NA,FALSE,TRUE,spring,19704
10/04/2016,9.75,NA,6.5,72.25,20.375,clear,NA,FALSE,TRUE,spring,23418
11/04/2016,12,NA,12,80.75,16.04166667,clear,NA,FALSE,FALSE,spring,24010
12/04/2016,11.25,NA,11.25,72,12.89583333,clear,NA,FALSE,FALSE,spring,30745
13/04/2016,14,NA,14,59,7.020833333,clear,NA,FALSE,FALSE,spring,31762
14/04/2016,13,NA,13,60,9.958333333,clear,NA,FALSE,FALSE,spring,30611
15/04/2016,10,NA,10,88,9.270833333,NA,NA,FALSE,FALSE,spring,15761
16/04/2016,6.75,NA,4,76,15.75,broken_clouds,NA,FALSE,TRUE,spring,17571
17/04/2016,8.5,NA,6.5,51.5,8.645833333,NA,NA,FALSE,TRUE,spring,26885
18/04/2016,11,NA,11,58.5,17.08333333,clear,NA,FALSE,FALSE,spring,28220
19/04/2016,10.5,NA,NA,66.75,12.85416667,clear,NA,FALSE,FALSE,spring,33342
20/04/2016,8.75,NA,6,75,19.125,clear,NA,FALSE,FALSE,spring,34197
21/04/2016,10.5,NA,9.25,64.75,20.1875,clear,NA,FALSE,FALSE,spring,31612
22/04/2016,9,NA,6,72,19.47916667,rain,NA,FALSE,FALSE,spring,20342
23/04/2016,8,NA,5.25,62,13.6875,scattered_clouds,NA,FALSE,TRUE,spring,21762
24/04/2016,7.75,NA,6,66,12.85416667,rain,NA,FALSE,TRUE,spring,18597
25/04/2016,8,NA,5,76,18.27083333,scattered_clouds,NA,FALSE,FALSE,spring,24149
26/04/2016,6,NA,2,63.5,20.9375,clear,NA,FALSE,FALSE,spring,27628
27/04/2016,5.5,NA,3.25,72,13.75,rain,NA,FALSE,FALSE,spring,28157
28/04/2016,9,NA,NA,63,16.95833333,clear,NA,FALSE,FALSE,spring,28609
29/04/2016,8.75,NA,6,59,24.22916667,clear,NA,FALSE,FALSE,spring,25385
30/04/2016,9.5,NA,8,60,12.27083333,clear,NA,FALSE,TRUE,spring,24698
01/05/2016,11.75,NA,11.75,61,12.4375,clear,NA,FALSE,TRUE,spring,29249
02/05/2016,12,NA,NA,77,20.77083333,scattered_clouds,NA,TRUE,FALSE,spring,19428
03/05/2016,12.25,NA,12.25,51.5,14.64583333,clear,NA,FALSE,FALSE,spring,31962
04/05/2016,13.75,NA,13.75,40.5,11.0625,NA,NA,FALSE,FALSE,spring,36182
05/05/2016,14,NA,14,49,14.47916667,clear,NA,FALSE,FALSE,spring,38684
06/05/2016,15,NA,15,67.75,13.39583333,clear,NA,FALSE,FALSE,spring,39589
07/05/2016,18.25,NA,18.25,60.5,13.3125,clear,NA,FALSE,TRUE,spring,43819
08/05/2016,18.5,NA,18.5,58.25,15.5625,clear,NA,FALSE,TRUE,spring,44758
09/05/2016,16.25,NA,16.25,70,16.14583333,clear,NA,FALSE,FALSE,spring,30507
10/05/2016,16,NA,16,92.5,14.95833333,rain,NA,FALSE,FALSE,spring,21452
11/05/2016,15.25,NA,15.25,94,9.958333333,rain,NA,FALSE,FALSE,spring,27574
12/05/2016,17,NA,17,71.25,15.66666667,clear,NA,FALSE,FALSE,spring,38082
13/05/2016,13,NA,13,71,18.29166667,broken_clouds,NA,FALSE,FALSE,spring,34706
14/05/2016,10,NA,8.75,58,14.25,broken_clouds,NA,FALSE,TRUE,spring,30046
15/05/2016,12.75,NA,12.75,59.5,12.39583333,clear,NA,FALSE,TRUE,spring,34302
16/05/2016,14.25,NA,14.25,60,8.979166667,clear,NA,FALSE,FALSE,spring,37045
17/05/2016,14,NA,14,62,15.60416667,clear,NA,FALSE,FALSE,spring,36445
18/05/2016,13,NA,13,78.25,15.22916667,rain,NA,FALSE,FALSE,spring,24111
19/05/2016,14,NA,14,78.25,16.10416667,broken_clouds,NA,FALSE,FALSE,spring,34267
20/05/2016,15.25,NA,NA,68,20.22916667,NA,NA,FALSE,FALSE,spring,35674
21/05/2016,16,NA,16,74.5,19.25,broken_clouds,NA,FALSE,TRUE,spring,26373
22/05/2016,14,NA,14,75.75,9.416666667,scattered_clouds,NA,FALSE,TRUE,spring,30628
23/05/2016,14.75,NA,NA,63,15.16666667,scattered_clouds,NA,FALSE,FALSE,spring,35067
24/05/2016,12.75,NA,12.75,60.5,15.27083333,scattered_clouds,NA,FALSE,FALSE,spring,36184
25/05/2016,11.25,NA,11.25,74.5,11.3125,broken_clouds,NA,FALSE,FALSE,NA,31614
26/05/2016,14,NA,14,70,9.833333333,clear,NA,FALSE,FALSE,spring,37113
27/05/2016,14.75,NA,14.75,70.75,15.60416667,clear,NA,FALSE,FALSE,spring,35708
28/05/2016,14,NA,14,77,11.27083333,scattered_clouds,NA,FALSE,TRUE,spring,30831
29/05/2016,13.25,NA,13.25,78.25,14.25,broken_clouds,NA,FALSE,TRUE,spring,30760
30/05/2016,14.25,NA,NA,78.25,19.9375,broken_clouds,NA,TRUE,FALSE,spring,23697
31/05/2016,13,NA,13,86.5,23.60416667,broken_clouds,NA,FALSE,FALSE,spring,16078
01/06/2016,13,NA,NA,88,17.58333333,broken_clouds,NA,FALSE,FALSE,NA,26871
02/06/2016,11,NA,11,82,20.02083333,broken_clouds,NA,FALSE,FALSE,summer,28901
03/06/2016,11.75,NA,11.75,86.5,12.27083333,broken_clouds,NA,FALSE,FALSE,summer,29254
04/06/2016,15.75,NA,15.75,88,8.604166667,broken_clouds,NA,FALSE,TRUE,summer,29697
05/06/2016,14.75,NA,14.75,83.75,12,broken_clouds,NA,FALSE,TRUE,summer,40229
06/06/2016,14.5,NA,14.5,72.25,14.33333333,clear,NA,FALSE,FALSE,NA,39050
07/06/2016,18,NA,18,75,8.458333333,clear,NA,FALSE,FALSE,summer,34676
08/06/2016,17.5,NA,17.5,72,7.375,rain,NA,FALSE,FALSE,summer,34196
09/06/2016,15.25,NA,15.25,73.5,11.35416667,clear,NA,FALSE,FALSE,summer,41165
10/06/2016,17.25,NA,17.25,64.75,10.02083333,clear,NA,FALSE,FALSE,summer,39637
11/06/2016,18,NA,18,76.25,7.0625,rain,NA,FALSE,TRUE,summer,28628
12/06/2016,17,NA,17,83,11.54166667,scattered_clouds,NA,FALSE,TRUE,NA,17841
13/06/2016,17,NA,17,80.25,15.3125,broken_clouds,NA,FALSE,FALSE,summer,27293
14/06/2016,16.25,NA,16.25,80,16.875,rain,NA,FALSE,FALSE,summer,29852
15/06/2016,16.75,NA,16.75,65,15.91666667,scattered_clouds,NA,FALSE,FALSE,summer,37311
16/06/2016,16,NA,16,77.5,10.64583333,broken_clouds,NA,FALSE,FALSE,summer,31110
17/06/2016,15.25,NA,15.25,82,10,broken_clouds,NA,FALSE,FALSE,summer,31641
18/06/2016,15,NA,15,74.5,11.20833333,broken_clouds,NA,FALSE,TRUE,summer,29226
19/06/2016,16.25,NA,16.25,74.75,16.375,broken_clouds,NA,FALSE,TRUE,summer,30954
20/06/2016,16.5,NA,16.5,88,20.375,NA,NA,FALSE,FALSE,summer,22057
21/06/2016,19,NA,19,64,16.125,scattered_clouds,NA,FALSE,FALSE,summer,38551
22/06/2016,19.75,NA,19.75,79,11.27083333,broken_clouds,NA,FALSE,FALSE,summer,36226
23/06/2016,19.75,NA,NA,91,10.60416667,rain,NA,FALSE,FALSE,summer,24852
24/06/2016,19,NA,NA,60,21.66666667,scattered_clouds,NA,FALSE,FALSE,summer,18380
25/06/2016,16,NA,16,77,13.5625,rain,NA,FALSE,TRUE,summer,25939
26/06/2016,16,NA,16,77,19.27083333,scattered_clouds,NA,FALSE,TRUE,summer,29112
27/06/2016,18,NA,18,65.25,16.04166667,clear,NA,FALSE,FALSE,summer,33299
28/06/2016,15.75,NA,15.75,63.25,12.27083333,clear,NA,FALSE,FALSE,summer,31288
29/06/2016,16,NA,16,80,23.02083333,broken_clouds,NA,FALSE,FALSE,summer,31210
30/06/2016,17.5,NA,NA,74,18.41666667,scattered_clouds,NA,FALSE,FALSE,summer,35432
01/07/2016,17,NA,17,77,22.27083333,broken_clouds,NA,FALSE,FALSE,summer,27730
02/07/2016,16,NA,16,66.75,23.75,scattered_clouds,NA,FALSE,TRUE,summer,30322
03/07/2016,17.25,NA,17.25,66,14.4375,clear,NA,FALSE,TRUE,summer,33668
04/07/2016,18,NA,18,77.5,15.52083333,broken_clouds,NA,FALSE,FALSE,summer,37221
05/07/2016,17.5,NA,NA,58.75,19.47916667,broken_clouds,NA,FALSE,FALSE,summer,40463
06/07/2016,18.25,NA,18.25,52.75,9.604166667,clear,NA,FALSE,FALSE,summer,42412
07/07/2016,19,NA,19,61.75,14.375,clear,NA,FALSE,FALSE,summer,39157
08/07/2016,19,NA,19,65.25,23.125,scattered_clouds,NA,FALSE,FALSE,summer,36842
09/07/2016,19.75,NA,19.75,68,19.75,clear,NA,FALSE,TRUE,summer,33968
10/07/2016,19,NA,19,75.5,22.60416667,scattered_clouds,NA,FALSE,TRUE,summer,29135
11/07/2016,18,NA,18,76.25,22,NA,NA,FALSE,FALSE,summer,32420
12/07/2016,15.5,NA,15.5,81,15.39583333,rain,NA,FALSE,FALSE,summer,29869
13/07/2016,16,NA,16,63.75,15.14583333,rain,NA,FALSE,FALSE,summer,35691
14/07/2016,17.75,NA,17.75,56.75,13.45833333,clear,NA,FALSE,FALSE,summer,39923
15/07/2016,18,NA,NA,73.25,16.70833333,clear,NA,FALSE,FALSE,summer,36601
16/07/2016,21.25,NA,21.25,72,20.66666667,scattered_clouds,NA,FALSE,TRUE,summer,38349
17/07/2016,23.25,NA,23.25,67,17.85416667,scattered_clouds,NA,FALSE,TRUE,summer,37769
18/07/2016,23.25,NA,23.25,62,8.3125,clear,NA,FALSE,FALSE,summer,43195
19/07/2016,24,NA,24,66,14.45833333,clear,NA,FALSE,FALSE,summer,46021
20/07/2016,24.25,NA,24.25,59,19.04166667,NA,NA,FALSE,FALSE,summer,44664
21/07/2016,20.75,NA,20.75,64.75,11.10416667,clear,NA,FALSE,FALSE,summer,41272
22/07/2016,20.75,NA,20.75,67,8.9375,scattered_clouds,NA,FALSE,FALSE,summer,35996
23/07/2016,22.5,NA,22.5,61.75,9.979166667,clear,NA,FALSE,TRUE,summer,41466
24/07/2016,20.5,NA,20.5,68.75,16.625,broken_clouds,NA,FALSE,TRUE,summer,38553
25/07/2016,20.75,NA,20.75,58.5,18.41666667,clear,NA,FALSE,FALSE,summer,40577
26/07/2016,20,NA,20,60.25,14.14583333,scattered_clouds,NA,FALSE,FALSE,NA,42021
27/07/2016,20,NA,NA,74.25,16.95833333,rain,NA,FALSE,FALSE,summer,33339
28/07/2016,19,NA,19,65.25,12.04545455,scattered_clouds,NA,FALSE,FALSE,summer,31244
29/07/2016,19.75,NA,19.75,74.25,17.70833333,scattered_clouds,NA,FALSE,FALSE,summer,35353
30/07/2016,19,NA,19,63.25,10.45833333,scattered_clouds,NA,FALSE,TRUE,summer,45608
31/07/2016,20,NA,20,54.5,10.73913043,scattered_clouds,NA,FALSE,TRUE,summer,44678
01/08/2016,17,NA,17,65.5,12.58333333,clear,NA,FALSE,FALSE,summer,29749
02/08/2016,20,NA,20,85.5,17.3125,broken_clouds,NA,FALSE,FALSE,summer,28593
03/08/2016,20.25,NA,20.25,64,24.70833333,scattered_clouds,NA,FALSE,FALSE,summer,40268
04/08/2016,19.25,NA,NA,63,23.83333333,scattered_clouds,NA,FALSE,FALSE,summer,39082
05/08/2016,20,NA,20,62,16,scattered_clouds,NA,FALSE,FALSE,summer,35991
06/08/2016,20.5,NA,NA,61,14.35416667,clear,NA,FALSE,TRUE,summer,41885
07/08/2016,21,NA,21,63.5,24.4375,scattered_clouds,NA,FALSE,TRUE,summer,38076
08/08/2016,18.5,NA,18.5,48.25,21.41666667,clear,NA,FALSE,FALSE,summer,37769
09/08/2016,17,NA,NA,47.75,16.35416667,clear,NA,FALSE,FALSE,summer,39514
10/08/2016,17,NA,17,55.75,14.4375,clear,NA,FALSE,FALSE,summer,38430
11/08/2016,19,NA,19,66,20.33333333,scattered_clouds,NA,FALSE,FALSE,NA,37626
12/08/2016,19.75,NA,19.75,63.25,21.20833333,clear,NA,FALSE,FALSE,summer,40159
13/08/2016,20.5,NA,20.5,63,19.52083333,clear,NA,FALSE,TRUE,NA,43041
14/08/2016,19,NA,19,55.25,9.166666667,clear,NA,FALSE,TRUE,summer,43848
15/08/2016,18,NA,18,64,14.69565217,clear,NA,FALSE,FALSE,summer,40236
16/08/2016,18.5,NA,18.5,68.25,14.04545455,scattered_clouds,NA,FALSE,FALSE,summer,38911
17/08/2016,19,NA,19,70.75,12.27083333,clear,NA,FALSE,FALSE,summer,42439
18/08/2016,18.5,NA,18.5,77.75,13.25,clear,NA,FALSE,FALSE,summer,38983
19/08/2016,18,NA,18,83,12.54166667,scattered_clouds,NA,FALSE,FALSE,summer,25593
20/08/2016,17.5,NA,17.5,73,26.22916667,scattered_clouds,NA,FALSE,TRUE,summer,24371
21/08/2016,18,NA,18,73,26.29166667,broken_clouds,NA,FALSE,TRUE,summer,28219
22/08/2016,20,NA,20,68.75,20.3125,scattered_clouds,NA,FALSE,FALSE,summer,35693
23/08/2016,23,NA,23,58.5,10.29166667,clear,NA,FALSE,FALSE,summer,42060
24/08/2016,25.25,NA,25.5,59.25,6.8125,clear,NA,FALSE,FALSE,summer,40664
25/08/2016,24.25,NA,24.25,70,8.3125,clear,NA,FALSE,FALSE,NA,37742
26/08/2016,22.75,NA,22.75,52.5,10.16666667,clear,NA,FALSE,FALSE,summer,37697
27/08/2016,22,NA,22,68,15.20833333,clear,NA,FALSE,TRUE,summer,32188
28/08/2016,20.25,NA,20.25,76.75,18.22916667,broken_clouds,NA,FALSE,TRUE,summer,25849
29/08/2016,19.25,NA,19.25,65,8.333333333,scattered_clouds,NA,TRUE,FALSE,summer,34176
30/08/2016,20.5,NA,20.5,57.5,8.645833333,clear,NA,FALSE,FALSE,summer,39473
31/08/2016,20,NA,20,64.5,15.33333333,clear,NA,FALSE,FALSE,NA,38989
01/09/2016,19,NA,19,68,13.76086957,clear,NA,FALSE,FALSE,NA,39270
03/09/2016,19,NA,19,78,21.91666667,rain,NA,FALSE,TRUE,autumm,15265
04/09/2016,19,NA,19,68,23.39583333,broken_clouds,NA,FALSE,TRUE,autumm,27512
05/09/2016,18.25,NA,NA,83,9.4375,broken_clouds,NA,FALSE,FALSE,autumm,27873
06/09/2016,21.75,NA,21.75,78,10.33333333,NA,NA,FALSE,FALSE,autumm,37629
07/09/2016,21,NA,21,70,9.5625,NA,NA,FALSE,FALSE,autumm,39816
08/09/2016,20.25,NA,NA,64,19.29166667,clear,NA,FALSE,FALSE,autumm,40555
09/09/2016,20,NA,20,74,17.54166667,broken_clouds,NA,FALSE,FALSE,autumm,36151
10/09/2016,19,NA,NA,80.5,16.33333333,NA,NA,FALSE,TRUE,autumm,17080
11/09/2016,16,NA,16,64.25,9.041666667,clear,NA,FALSE,TRUE,autumm,39403
12/09/2016,22,NA,22,64,11.54166667,clear,NA,FALSE,FALSE,autumm,39261
13/09/2016,23,NA,23,69,13.52083333,clear,NA,FALSE,FALSE,autumm,43573
14/09/2016,22.75,NA,22.75,58,10.4375,clear,NA,FALSE,FALSE,autumm,44478
15/09/2016,21.25,NA,21.25,71,9.979166667,clear,NA,FALSE,FALSE,autumm,42135
16/09/2016,17,NA,17,83,17.33333333,rain,NA,FALSE,FALSE,autumm,21967
17/09/2016,15,NA,15,80.75,19.875,cloudy,NA,FALSE,TRUE,autumm,27182
18/09/2016,17.75,NA,17.75,74,7.75,broken_clouds,NA,FALSE,TRUE,autumm,29463
19/09/2016,18,NA,NA,73,7.333333333,cloudy,NA,FALSE,FALSE,autumm,33109
20/09/2016,16.5,NA,NA,81.5,6.416666667,broken_clouds,NA,FALSE,FALSE,autumm,37292
21/09/2016,16.75,NA,16.75,75,9.354166667,clear,NA,FALSE,FALSE,autumm,40267
22/09/2016,16.75,NA,16.75,73,11.60416667,scattered_clouds,NA,FALSE,FALSE,autumm,38043
23/09/2016,15,NA,15,60,10.375,clear,NA,FALSE,FALSE,autumm,38528
24/09/2016,20,NA,20,60,15.75,clear,NA,FALSE,TRUE,autumm,35786
25/09/2016,17.75,NA,17.75,61.5,19.875,clear,NA,FALSE,TRUE,autumm,29663
26/09/2016,15,NA,15,72,10.47916667,clear,NA,FALSE,FALSE,autumm,34774
27/09/2016,18,NA,18,78,15.625,broken_clouds,NA,FALSE,FALSE,autumm,35751
28/09/2016,17.5,NA,NA,80,21.25,scattered_clouds,NA,FALSE,FALSE,autumm,38529
29/09/2016,18,NA,18,76,24.79166667,scattered_clouds,NA,FALSE,FALSE,autumm,34511
30/09/2016,14.25,NA,14.25,69.5,16.79166667,clear,NA,FALSE,FALSE,autumm,33753
01/10/2016,13,NA,13,82,9,rain,NA,FALSE,TRUE,autumm,17593
02/10/2016,12.5,NA,12.5,73.25,13.5625,scattered_clouds,NA,FALSE,TRUE,autumm,27022
03/10/2016,13.5,NA,13.5,73.25,6.479166667,clear,NA,FALSE,FALSE,autumm,35582
04/10/2016,15.5,NA,15.5,72.5,20.5625,scattered_clouds,NA,FALSE,FALSE,autumm,36807
05/10/2016,14,NA,NA,64,28.70833333,clear,NA,FALSE,FALSE,autumm,35993
06/10/2016,13,NA,13,59,19.35416667,broken_clouds,NA,FALSE,FALSE,autumm,35005
07/10/2016,14,NA,14,74.5,11.04166667,broken_clouds,NA,FALSE,FALSE,autumm,33050
08/10/2016,14,NA,14,82,8.979166667,scattered_clouds,NA,FALSE,TRUE,autumm,26884
09/10/2016,12,NA,12,74.5,10.10416667,clear,NA,FALSE,TRUE,autumm,25082
10/10/2016,10.25,NA,9.5,76.5,9.166666667,NA,NA,FALSE,FALSE,autumm,32760
11/10/2016,11.5,NA,11.5,74.5,7.916666667,scattered_clouds,NA,FALSE,FALSE,autumm,34914
12/10/2016,12,NA,12,80.75,13.66666667,scattered_clouds,NA,FALSE,FALSE,autumm,32282
13/10/2016,12,NA,NA,73.25,17.35416667,NA,NA,FALSE,FALSE,autumm,30587
14/10/2016,12,NA,12,77,11.27083333,broken_clouds,NA,FALSE,FALSE,autumm,32324
15/10/2016,12.5,NA,12.5,82,8.75,scattered_clouds,NA,FALSE,TRUE,autumm,23488
16/10/2016,14.25,NA,14.25,85,14.4375,clear,NA,FALSE,TRUE,autumm,18527
17/10/2016,13.5,NA,13.5,82,14.33333333,clear,NA,FALSE,FALSE,autumm,28734
18/10/2016,12,NA,12,68.25,24.10416667,clear,NA,FALSE,FALSE,autumm,32771
19/10/2016,11.75,NA,NA,72,18.625,scattered_clouds,NA,FALSE,FALSE,NA,33673
20/10/2016,11.75,NA,11.75,78.25,13.97916667,broken_clouds,NA,FALSE,FALSE,autumm,32344
21/10/2016,10.25,NA,9.5,86.25,12.5625,broken_clouds,NA,FALSE,FALSE,autumm,30567
22/10/2016,10,NA,10,82,8.3125,scattered_clouds,NA,FALSE,TRUE,autumm,26020
23/10/2016,10.75,NA,10.25,77,13.33333333,scattered_clouds,NA,FALSE,TRUE,autumm,23553
24/10/2016,11.25,NA,11.25,75.75,11.16666667,clear,NA,FALSE,FALSE,NA,30053
25/10/2016,11.5,NA,11.5,78.25,5.1875,broken_clouds,NA,FALSE,FALSE,autumm,32992
26/10/2016,13,NA,13,83.5,11.8125,scattered_clouds,NA,FALSE,FALSE,autumm,34010
27/10/2016,12.5,NA,12.5,81,17.02083333,scattered_clouds,NA,FALSE,FALSE,autumm,33888
28/10/2016,14.75,NA,14.75,73.25,13.5,broken_clouds,NA,FALSE,FALSE,autumm,33420
29/10/2016,14,NA,14,88,3.083333333,cloudy,NA,FALSE,TRUE,autumm,27785
30/10/2016,11,NA,11,94,5.094202899,cloudy,NA,FALSE,TRUE,autumm,23535
31/10/2016,12,NA,12,94,6.4375,clear,NA,FALSE,FALSE,autumm,34461
01/11/2016,10,NA,9.5,88,8.583333333,NA,NA,FALSE,FALSE,autumm,32054
02/11/2016,7.5,NA,6,72.25,9.979166667,clear,NA,FALSE,FALSE,autumm,32038
03/11/2016,8.75,NA,7.25,76,9.875,clear,NA,FALSE,FALSE,autumm,30891
04/11/2016,9,NA,NA,79,9.229166667,clear,NA,FALSE,FALSE,autumm,21932
05/11/2016,6.5,NA,3.75,74.75,17.10416667,broken_clouds,NA,FALSE,TRUE,autumm,19420
06/11/2016,5.75,NA,2.25,72.5,19,clear,NA,FALSE,TRUE,autumm,13406
07/11/2016,7,NA,3.5,79.75,16.77083333,scattered_clouds,NA,FALSE,FALSE,autumm,17193
08/11/2016,5.25,NA,2.25,71.75,11.10416667,clear,NA,FALSE,FALSE,autumm,26147
09/11/2016,8,NA,5,84.5,18.875,rain,NA,FALSE,FALSE,autumm,18700
10/11/2016,8,NA,5,77.25,18.04166667,scattered_clouds,NA,FALSE,FALSE,NA,25830
11/11/2016,7,NA,5,77.25,9.479166667,clear,NA,FALSE,FALSE,autumm,27814
12/11/2016,10,NA,8,88,10.76086957,rain,NA,FALSE,TRUE,autumm,8990
13/11/2016,8.75,NA,7.5,87,8.333333333,clear,NA,FALSE,TRUE,autumm,19044
14/11/2016,12,NA,NA,87,14.125,broken_clouds,NA,FALSE,FALSE,autumm,24618
15/11/2016,14,NA,14,88,16.83333333,broken_clouds,NA,FALSE,FALSE,autumm,28498
16/11/2016,14,NA,14,82,22.6875,broken_clouds,NA,FALSE,FALSE,autumm,27439
17/11/2016,9.75,NA,6.75,68.25,22.58333333,broken_clouds,NA,FALSE,FALSE,autumm,27462
18/11/2016,6,NA,3.25,72.25,19.08333333,clear,NA,FALSE,FALSE,autumm,26594
19/11/2016,6,NA,3,81,16.79166667,NA,NA,FALSE,TRUE,autumm,18069
20/11/2016,7.25,NA,4.75,87,20.45833333,broken_clouds,NA,FALSE,TRUE,autumm,10613
21/11/2016,11.5,NA,11.5,89,16.72916667,rain,NA,FALSE,FALSE,autumm,19230
22/11/2016,10.25,NA,NA,76,19.91666667,rain,NA,FALSE,FALSE,autumm,27422
23/11/2016,9.75,NA,7.5,83.25,10.8125,scattered_clouds,NA,FALSE,FALSE,autumm,28768
24/11/2016,10,NA,7.75,77,22.10416667,broken_clouds,NA,FALSE,FALSE,autumm,27941
25/11/2016,7.25,NA,5,76,16.02083333,clear,NA,FALSE,FALSE,autumm,27413
26/11/2016,6,NA,4.5,87,7.833333333,clear,NA,FALSE,TRUE,autumm,19581
27/11/2016,8,NA,6,72.25,10.72916667,cloudy,NA,FALSE,TRUE,autumm,15446
28/11/2016,7.75,NA,NA,63,16.47916667,clear,NA,FALSE,FALSE,autumm,26765
29/11/2016,2,NA,1.25,81,6.833333333,clear,NA,FALSE,FALSE,autumm,27607
30/11/2016,3,NA,0,68,10.75,clear,NA,FALSE,FALSE,autumm,26934
01/12/2016,4.75,NA,2.25,74,12.45833333,clear,NA,FALSE,FALSE,NA,26245
02/12/2016,7,NA,6,84,6.583333333,cloudy,NA,FALSE,FALSE,winter,25991
03/12/2016,6,NA,4.5,78.5,13.35416667,cloudy,NA,FALSE,TRUE,winter,17898
04/12/2016,4.5,NA,2,81,13.85416667,NA,NA,FALSE,TRUE,winter,15267
05/12/2016,4,NA,2.75,93,7,clear,NA,FALSE,FALSE,winter,26231
06/12/2016,8,NA,7.5,93.5,6.5,cloudy,NA,FALSE,FALSE,winter,28095
07/12/2016,12.75,NA,12.75,80.75,12.79166667,clear,NA,FALSE,FALSE,winter,29424
08/12/2016,13,NA,13,82,16.3125,broken_clouds,NA,FALSE,FALSE,winter,28366
09/12/2016,13,NA,NA,88,14.3125,clear,NA,FALSE,FALSE,winter,29714
10/12/2016,12.25,NA,12.25,88,15.10416667,NA,NA,FALSE,TRUE,winter,14832
11/12/2016,8,NA,5.25,87,15.27083333,clear,NA,FALSE,TRUE,winter,17450
12/12/2016,9,NA,7.5,91,10.5625,cloudy,NA,FALSE,FALSE,winter,25275
13/12/2016,12.75,NA,12.75,91,9.958333333,broken_clouds,NA,FALSE,FALSE,winter,26520
14/12/2016,10,NA,9.25,91,9.854166667,clear,NA,FALSE,FALSE,winter,28861
15/12/2016,9,NA,7,90.25,11.75,cloudy,NA,FALSE,FALSE,winter,28195
16/12/2016,9.5,NA,8.5,89.25,8.041666667,cloudy,NA,FALSE,FALSE,winter,27621
17/12/2016,7,NA,6.5,96.5,6.208333333,cloudy,NA,FALSE,TRUE,winter,17238
18/12/2016,8,NA,7.5,91.5,6.520833333,cloudy,NA,FALSE,TRUE,winter,14970
19/12/2016,7,NA,6,87,7.458333333,cloudy,NA,FALSE,FALSE,winter,23535
20/12/2016,6,NA,3.5,81,11.20833333,cloudy,NA,FALSE,FALSE,winter,24864
21/12/2016,11,NA,NA,83.25,17.16666667,broken_clouds,NA,FALSE,FALSE,winter,23136
22/12/2016,8.5,NA,6.5,84.5,12.60416667,clear,NA,FALSE,FALSE,winter,21461
23/12/2016,10.75,NA,10.25,87,21.29166667,clear,NA,FALSE,FALSE,winter,14409
24/12/2016,9.5,NA,6.25,75,24.89583333,scattered_clouds,NA,FALSE,TRUE,winter,7890
25/12/2016,13,NA,13,79.5,27.66666667,cloudy,NA,FALSE,TRUE,winter,36653
26/12/2016,9,NA,5,72,22.02083333,clear,NA,TRUE,FALSE,winter,11455
27/12/2016,3.75,NA,1.5,82.5,7.5,clear,NA,TRUE,FALSE,winter,10842
28/12/2016,2,NA,-0.75,96.5,7.395833333,clear,NA,FALSE,FALSE,winter,12428
29/12/2016,2.75,NA,2.25,93,6.0625,clear,NA,FALSE,FALSE,winter,14052
30/12/2016,4,NA,1,100,9,cloudy,NA,FALSE,FALSE,winter,11566
31/12/2016,7.5,NA,5,90,13.3125,cloudy,NA,FALSE,TRUE,winter,11424
01/01/2017,7,NA,4.75,90,14.125,rain,NA,FALSE,TRUE,winter,6421
02/01/2017,3.25,NA,0.5,82.5,11.16666667,clear,NA,TRUE,FALSE,winter,11823
03/01/2017,4.5,NA,0.5,81,18.9375,clear,NA,FALSE,FALSE,winter,19436
